,INDEX_DATE,ITEM_ID,ITEM_DESC,INDEX_ALGORITHM,ITEM_INDEX,ALL_GM_INDEX,COICOP_WEIGHT,ITEM_WEIGHT,CPIH_COICOP_WEIGHT
0,202301,210102,LGE LOAF-WHTE-UNSLED-750-800G,1,116.742,100.681,0.42,0.4,0.34
1,202301,210106,SIX BREAD ROLLS-WHITE/BROWN,1,111.728,100.382,0.84,0.64,0.68
2,202301,210111,WHITE SLICED LOAF BRANDED 750G,1,125.683,99.813,1.26,0.96,1.02
3,202301,210113,WHOLEMEAL SLICED LOAF BRANDED,1,128.564,100.345,0.84,0.76,0.68
4,202301,210114,CHILLED GARLIC BREAD,1,107.886,99.464,1.47,1.24,1.19
5,202301,210201,FLOUR-SELF-RAISING-1.5KG,1,127.522,100.608,0.42,0.2,0.34
6,202301,210204,DRY SPAGHETTI OR PASTA 500G,1,129.226,98.234,0.21,0.44,0.17
7,202301,210211,CORN SNACK SINGLE PACK MAX 50G,1,110.213,100.689,0.48,0.32,0.36
8,202301,210212,BASMATI RICE 500G-1KG,1,114.083,100.125,0.42,0.44,0.34
9,202301,210213,BREAKFAST CEREAL 1,1,109.755,100.8,1.05,0.48,0.85
10,202301,210214,BREAKFAST CEREAL 2,1,107.186,96.662,1.89,0.84,1.53
11,202301,210215,CEREAL BAR,1,97.545,92.009,0.63,0.48,0.51
12,202301,210216,HOT OAT CEREAL,1,124.514,101.147,0.42,0.16,0.34
13,202301,210217,RICE MICRO POUCH/TRAY 220-280G,1,106.155,104.21,0.21,0.08,0.17
14,202301,210218,"POPCORN, BAG, 10-30G",1,106.9,100.827,0.84,0.4,0.68
15,202301,210219,BREAKFAST CEREAL GLUTEN FREE,1,114.363,101.056,0.21,0.12,0.17
16,202301,210221,COUSCOUS PLAIN/FLAVOURED,1,119.666,100.712,0.21,0.04,0.17
17,202301,210301,CREAM CRACKERS PACK 200G-300G,1,122.889,107.186,0.84,0.7,0.68
18,202301,210302,PLAIN BISCUITS-200-300G,1,120.675,101.522,1.47,1.33,1.19
19,202301,210320,WHOLE SPONGE CAKE NOT FROZEN,1,115.559,106.119,1.26,1.19,1.02
20,202301,210321,PACK OF 5-6 INDIVIDUAL CAKES,1,118.296,93.542,1.89,1.82,1.53
21,202301,210323,BISCUITS HALF CHOC 260-400G,1,120.544,111.725,1.05,0.91,0.85
22,202301,210324,CRUMPETS PACK 6-9 SPEC NUMBER,1,108.839,96.705,1.05,1.05,0.85
23,202301,210403,HOME KILLED BEEF-LEAN MINCE KG,1,110.7,99.586,0.6,1.04,0.48
24,202301,210406,HOME KLD BEEF-RUMP/POPES STEAK,1,110.55,100.079,1.2,1.76,0.96
25,202301,210414,FROZEN BEEFBURGERS PACK OF 4,1,133.227,101.087,0.4,0.56,0.32
26,202301,210416,BEEF ROASTING JOINT PER KG,1,113.974,100.004,0.4,0.64,0.32
27,202301,210506,HK LAMB LOIN CHOP/STEAK PER KG,1,107.853,99.67,0.8,0.45,0.64
28,202301,210507,HOME KILLED LAMB SHOULDER KG,1,112.441,101.247,1.0,0.55,0.8
29,202301,210703,HOME KILLED PORK-LOIN CHOPS KG,1,117.958,98.413,1.0,1.0,0.8
30,202301,210802,BACON-GAMMON-PER KG,1,110.473,100.368,0.4,0.19,0.32
31,202301,210808,BACON-BACK-PER KG,1,119.304,101.751,1.8,0.81,1.44
32,202301,210905,FRESH/CHILLED CHICKEN  PER KG,1,124.992,102.289,0.8,1.08,0.64
33,202301,210910,FRESH BONELESS CHICKEN BREAST,1,118.382,101.153,1.6,2.4,1.28
34,202301,210913,ROTISSERIE CHICKEN [WHOLE],1,120.311,98.754,0.2,0.16,0.16
35,202301,210914,FRESH TURKEY DICED/MIN PER KG,1,112.087,100.561,0.2,0.36,0.16
36,202301,211007,CANNED MEAT-STEWED STEAK,1,117.72,101.659,0.2,0.14,0.16
37,202301,211011,INDIVIDUAL MEAT PIE,1,122.546,99.052,0.8,0.98,0.64
38,202301,211014,SAUSAGES-PORK-PER KG,1,112.289,98.907,2.0,0.98,1.6
39,202301,211019,FROZ CHICKEN NUGGETS 220-600G,1,127.009,102.412,0.6,0.63,0.48
40,202301,211023,COOKED HAM PREPACKED SLICED,1,107.137,97.936,2.4,1.12,1.92
41,202301,211024,CONTINENTAL SLICED DELI MEAT,1,114.467,102.156,0.8,0.42,0.64
42,202301,211025,JOINT OV/READ GAM/POR 450-900G,1,109.947,101.193,0.2,0.21,0.16
43,202301,211026,CHICKEN KIEV 2 PACK 240-325G,1,124.79,99.002,0.6,0.63,0.48
44,202301,211027,H K LIVER PER KG STATE TYPE,1,133.549,95.472,0.2,0.07,0.16
45,202301,211029,COOKED MEAT TURKEY/CHICK SLICE,1,109.677,99.437,0.4,0.63,0.32
46,202301,211030,MEAT BASED SNACK PACK MAX 400G,1,112.031,97.462,0.6,0.84,0.48
47,202301,211031,COOKED HAM LOOSE PER 100G,1,108.166,97.93,0.8,0.35,0.64
48,202301,211101,FRESH WHITE FISH FILLETS KG,1,116.864,102.653,0.45,0.62,0.36
49,202301,211105,FRESH FISH-SALMON FILLETS-KG,1,119.735,99.885,0.7,0.96,0.56
50,202301,211106,FROZEN PRAWNS PER KG,1,106.751,97.009,1.25,0.42,1.0
51,202301,211207,"CANNED FISH, TUNA, 130G-200G",1,111.175,98.013,1.2,0.9,0.96
52,202301,211210,FROZEN FISH FINGERS 8-12 PK,1,123.902,100.33,1.1,0.86,0.88
53,202301,211211,FROZEN BREAD/BAT FISH 400-550G,1,125.704,96.409,0.3,0.24,0.24
54,202301,211305,SPREADABLE BUTTER,1,124.525,95.222,0.48,0.52,0.48
55,202301,211306,BUTTER 250G SPEC COO,1,130.109,101.757,0.42,0.48,0.42
56,202301,211407,MARG/LOW FAT SPREAD 450-500G,1,119.679,98.325,1.2,1.08,1.2
57,202301,211408,OLIVE OIL - 500ML - 1 LITRE,1,142.743,106.173,0.69,0.72,0.69
58,202301,211409,"PEANUT BUTTER, JAR, 225-350G",1,106.112,97.699,0.21,0.2,0.21
59,202301,211501,CHEDDAR-HOME PRODUCED PER KG,1,136.537,101.064,1.68,2.0,1.4
60,202301,211506,"CHEESE SPREAD, 125g-200g TUB",1,135.02,101.434,0.6,0.72,0.5
61,202301,211509,HARD REGIONAL CHEESE PER KG,1,138.498,100.005,0.24,0.28,0.2
62,202301,211510,PARMESAN CHEESE-PER KG,1,110.332,100.63,0.36,0.48,0.3
63,202301,211511,SOFT CONTINENTAL CHEESE - KG,1,134.509,107.274,0.48,0.52,0.4
64,202301,211604,EGGS PER DOZEN OR 2 X 6 BOX,1,129.688,100.829,1.2,1.0,1.0
65,202301,211707,DELVD MILK SEMI-SKIMMED PER PT,1,134.528,104.838,0.12,0.12,0.1
66,202301,211709,SHOP MILK-WHOLE MILK-4PT/2LTR,1,135.98,99.2,0.72,0.45,0.6
67,202301,211710,MILK SEMI-PER 2 PINTS/1.136 L,1,145.717,99.828,2.4,1.77,2.0
68,202301,211713,"MILK FLAVOURED, 180-500MLS/GMS",1,122.657,102.778,0.24,0.24,0.2
69,202301,211714,NON-DAIRY MILK DRINK 900ML-1LT,1,116.494,92.809,0.24,0.42,0.2
70,202301,211807,"YOGHURT/FROMAGE 4-6PK, 45-125G",1,114.392,96.505,1.44,2.05,1.2
71,202301,211808,CHILLED POT DESSERT 125-200G,1,120.395,100.918,0.96,1.15,0.8
72,202301,211814,YOGHURT-SMALL INDIVIDUAL,1,127.068,99.856,0.6,0.95,0.5
73,202301,211815,FRESH DOUBLE CREAM 250ML-300ML,1,114.241,99.95,0.48,0.6,0.4
74,202301,211816,POWDERED BABY FORMULA 400-900G,1,114.933,99.554,0.24,0.25,0.2
75,202301,211901,TEA BAGS PKT OF 80 (230G-250G),1,112.428,103.143,0.36,0.62,0.36
76,202301,211904,TEA BAGS-2-PACKET OF 240,1,107.113,98.647,0.1,0.19,0.1
77,202301,211905,"FLAVRD TEA 15-20 BAGS, 30-40G",1,121.488,97.748,0.12,0.19,0.12
78,202301,212001,"FRUIT SQUASH, 750ML - 1.5LT",1,104.876,93.587,0.9,0.81,0.7
79,202301,212006,FRUIT JUICE NOT ORANGE 1L,1,117.815,106.904,0.54,0.54,0.42
80,202301,212008,LEMONADE-2 LITRE BOTTLE,1,136.105,99.358,0.18,0.18,0.14
81,202301,212010,MINERAL WATER STILL 1.5-2L,1,129.151,99.827,0.27,0.36,0.21
82,202301,212015,FIZZY ENERGY DRINK 250-500ML,1,114.001,99.851,1.26,1.17,0.98
83,202301,212016,FRESH/CHILL ORANGE JUICE 900ML,1,110.977,96.339,0.9,0.9,0.7
84,202301,212017,FIZZY BOTTLED DRINK 500ML,1,111.668,100.304,1.53,1.44,1.19
85,202301,212020,FRUIT DRINK BOTTLE 4-8 PACK,1,120.13,94.642,0.09,0.09,0.07
86,202301,212021,BOTTLE STILL WATER 500ML,1,123.609,102.148,0.27,0.45,0.21
87,202301,212022,MIXER DRINK BOTTLE 1L EG TONIC,1,119.153,103.045,0.63,0.63,0.49
88,202301,212023,COLA/FIZZY DRINK 330ML PK 4-8,1,114.73,98.468,0.36,0.36,0.28
89,202301,212024,FLAVOURED WATER BOTT 900ML-1.5,1,117.236,100.262,0.36,0.45,0.28
90,202301,212025,"COLA DRINK, REG,BOTTLE,1.25-2L",1,117.097,99.179,0.72,0.63,0.56
91,202301,212026,"COLA DRINK, DIET 1.25-2LTR",1,116.627,100.777,0.72,0.72,0.56
92,202301,212027,FRUIT/VEG SMOOTHIE,1,106.749,99.431,0.27,0.27,0.21
93,202301,212101,SUGAR -GRANULATED-WHITE-PER KG,1,143.406,102.992,0.48,0.6,0.36
94,202301,212106,JAR OF JAM-340-454G,1,124.078,99.89,0.72,1.02,0.54
95,202301,212107,HONEY JAR/BOTTLE 340G-454G,1,106.291,104.73,0.24,0.38,0.18
96,202301,212202,MINTS,1,104.968,100.094,0.12,0.14,0.09
97,202301,212211,CHOCOLATE 4,1,104.516,100.345,0.72,2.1,0.54
98,202301,212214,FRUIT PASTILLES 2,1,103.368,100.325,0.36,1.26,0.27
99,202301,212217,CHEWING/BUBBLE GUM-SINGLE PK,1,115.543,100.4,0.12,0.28,0.09
100,202301,212218,CARTON/BOX OF CHOCS 150-400GM,1,114.567,108.95,1.44,1.68,1.08
101,202301,212222,CHOCOLATE 10,1,102.894,100.215,1.92,2.24,1.44
102,202301,212223,BRAND CHOC SWEETS 90-185G BAG,1,106.591,99.979,0.84,0.98,0.63
103,202301,212224,"SWEETS, NOT CHOC, 150-250G BAG",1,103.432,100.372,0.48,1.54,0.36
104,202301,212225,CHOCOLATE LARGE BAR 100-200G,1,108.133,100.579,1.92,2.24,1.44
105,202301,212226,CHOCOLATE 12,1,108.414,101.639,0.48,1.4,0.36
106,202301,212228,MALTED CHOCOLATE SWEETS,1,109.375,100.752,0.12,0.14,0.09
107,202301,212309,POTATOES-NEW-PER KG,1,106.746,98.941,0.16,0.23,0.12
108,202301,212310,POTATOES- OLD WHITE PER KG,1,120.61,101.383,0.48,0.61,0.36
109,202301,212311,POTATOES- BAKING PR KG,1,101.79,101.27,0.16,0.16,0.12
110,202301,212402,POTATO CRISPS 25G-50G,1,107.708,99.939,0.8,0.56,0.6
111,202301,212404,POTATO CRISPS-MULTI-PACK,1,116.229,101.204,2.24,1.44,1.68
112,202301,212405,FROZEN CHIPS 900G-1.5KG,1,125.39,102.724,1.12,1.24,0.84
113,202301,212408,PREMIUM POTATO CRISPS/CHIPS,1,121.685,108.33,0.64,0.44,0.48
114,202301,212409,P'PARED MASHED POTATO 400-650G,1,114.938,103.59,0.32,0.32,0.24
115,202301,212504,FRESH VEG-CAULIFLOWER-EACH,1,116.437,99.98,0.48,0.49,0.36
116,202301,212510,FRESH VEG-CUCUMBER-WHOLE,1,132.74200000000002,96.596,0.32,0.35,0.24
117,202301,212511,FRESH VEG-LETTUCE-ICEBERG-EACH,1,126.062,99.382,0.32,0.35,0.24
118,202301,212515,FRESH VEG-TOMATOES-PER KG,1,111.204,101.461,1.12,1.12,0.84
119,202301,212516,FRESH VEG-CABBAGE-WHOLE-PER KG,1,111.678,100.644,0.32,0.28,0.24
120,202301,212518,FRESH VEG-CARROTS-PER KG,1,111.993,111.995,0.32,0.35,0.24
121,202301,212519,FRESH VEG-ONIONS-PER KG,1,105.78,106.037,0.64,0.7,0.48
122,202301,212520,FRESH VEG-MUSHROOMS-PER KG,1,106.028,102.179,0.64,0.63,0.48
123,202301,212527,PRE-PACKED SALAD 100-250G,1,109.281,104.397,0.48,0.49,0.36
124,202301,212530,FRESH VEG-BROCCOLI-PER KG,1,122.187,98.703,0.32,0.35,0.24
125,202301,212531,FRESH VEG-COURGETTE-PER KG,1,108.446,102.014,0.48,0.49,0.36
126,202301,212532,FRESH VEG-PEPPERS -LOOSE OR KG,1,109.677,99.061,0.48,0.49,0.36
127,202301,212533,VEGETABLE STIR FRY FRESH PACK,1,118.796,99.487,0.32,0.42,0.24
128,202301,212535,SWEET POTATO PER KG OR EACH,1,103.472,100.927,0.32,0.49,0.24
129,202301,212601,CANNED TOMATOES 390-400G,1,111.289,102.672,0.32,0.38,0.24
130,202301,212603,"BAKED BEANS, 400-425G TIN",1,129.621,102.16,0.32,0.46,0.24
131,202301,212608,CANNED SWEETCORN 198-340G,1,123.894,100.107,0.16,0.28,0.12
132,202301,212609,FROZEN GARDEN PEAS 800G-1KG,1,119.071,102.675,0.16,0.26,0.12
133,202301,212612,FROZEN PRE-PREPARED VEGTABLES,1,128.18,102.64,0.32,0.32,0.24
134,202301,212613,PULSES CAN 390 - 420G,1,115.186,97.937,0.32,0.3,0.24
135,202301,212709,ORANGES-CLASS 1-EACH,1,103.993,100.855,0.44,0.4,0.36
136,202301,212710,AVOCADO PEAR-EACH,1,105.906,96.855,0.55,0.48,0.45
137,202301,212712,KIWI FRUIT-EACH,1,105.763,98.676,0.22,0.16,0.18
138,202301,212715,GRAPEFRUIT-EACH,1,104.984,103.606,0.22,0.24,0.18
139,202301,212716,APPLES-COOKING-PER KG,1,103.879,103.68,0.22,0.16,0.18
140,202301,212717,APPLES-DESSERT-PER KG,1,95.065,99.449,0.77,0.72,0.63
141,202301,212718,PEARS-DESSERT-PER KG,1,93.908,99.765,0.22,0.24,0.18
142,202301,212719,BANANAS-PER KG,1,105.952,101.149,0.99,0.88,0.81
143,202301,212720,STRAWBERRIES PER KG OR PUNNET,1,109.716,97.86,1.1,0.96,0.9
144,202301,212722,GRAPES-PER KG,1,110.016,101.051,0.77,0.72,0.63
145,202301,212725,SMALL TYPE ORANGES PER PACK/KG,1,101.438,105.822,0.33,0.24,0.27
146,202301,212726,PLUMS PER KG/PACK,1,109.524,100.242,0.66,0.56,0.54
147,202301,212728,PINEAPPLE EACH,1,111.91,97.532,0.22,0.24,0.18
148,202301,212730,FRUIT FRESH SNACKING 150-350G,1,116.867,99.957,0.44,0.4,0.36
149,202301,212731,MELON EACH EG HONEYDEW,1,135.27,98.275,0.22,0.24,0.18
150,202301,212732,LEMON EACH,1,99.567,102.655,0.22,0.24,0.18
151,202301,212733,BLUEBERRIES PUNNET OR PER KG,1,100.62,98.012,0.66,0.64,0.54
152,202301,212734,RASPBERRIES PUNNET OR PER KG,1,107.263,104.056,0.55,0.48,0.45
153,202301,212806,PACKET OF PEANUTS 150-300G,1,100.734,101.322,1.32,1.28,1.08
154,202301,212807,CANNED FRUIT-400-450G,1,115.125,99.508,0.44,0.28,0.36
155,202301,212808,DRIED FRUIT - EG APRICOTS,1,106.161,99.32,0.44,0.44,0.36
156,202301,212905,VEGETABLE PICKLE 280-520G,1,111.526,102.931,0.16,0.15,0.12
157,202301,212910,CANNED SOUP-390-425G,1,149.541,106.724,0.45,0.6,0.36
158,202301,212917,TOMATO KETCHUP BOTTLE 340-570G,1,129.387,105.396,0.6,0.9,0.48
159,202301,212918,FRZN READY-COOKD MEAL SERVES 1,1,119.038,100.136,0.25,0.6,0.2
160,202301,212923,COOK-IN SAUCE-JAR/CAN 350-520G,1,125.084,103.382,0.95,1.5,0.76
161,202301,212928,FROZ VEG BURGER/GRILL 180-454G,1,113.695,86.51100000000001,0.32,0.45,0.24
162,202301,212930,MAYONNAISE 390-500G/420-540MLS,1,145.32,103.846,0.45,0.6,0.36
163,202301,212933,ICE CREAM 450ML-1L,1,117.767,107.584,1.08,0.75,0.81
164,202301,212934,DRIED POTTED SNACK 50-120G,1,113.783,89.885,0.42,0.9,0.34
165,202301,212936,CHILLED READY MEAL-MEAT-SERVS1,1,122.234,100.841,0.8,1.95,0.64
166,202301,212937,CHILLED READY MEAL-FISH/VEG,1,120.37,100.198,0.75,1.8,0.6
167,202301,212938,CHOCOLATE COVERED ICE CREAM,1,121.053,102.566,0.96,0.75,0.72
168,202301,212939,CHILLED PIZZA EACH 300-600G,1,110.809,100.526,1.05,1.35,0.85
169,202301,212940,PROTEIN POWDER 900G-2KG,1,126.86,97.354,0.35,0.45,0.28
170,202301,212941,QUICHE 340G-450G,1,117.945,99.598,0.21,0.3,0.17
171,202301,212942,VEGETABLE CRISPS PACK 80-125G,1,111.804,100.153,0.32,0.15,0.24
172,202301,212943,YORKSHIRE PUDDING FROZEN,1,129.156,109.049,0.42,0.45,0.34
173,202301,212944,SAUSAGE MEAT FREE CHILLED PACK,1,110.486,89.40100000000001,0.64,0.75,0.48
174,202301,212945,HERBS DRIED JAR 3 - 20G,1,111.41,100.004,0.4,0.6,0.32
175,202301,213003,COFFEE-INSTANT 90 -100G JAR,1,117.921,106.985,0.78,1.12,0.78
176,202301,213005,HOT CHOCOLATE DRINK INSTANT,1,105.021,101.033,0.14,0.16,0.14
177,202301,213006,COFFEE PODS PACK 8-16,1,108.93,102.423,0.22,0.32,0.22
178,202301,213007,COFFEE SACHETS PACK,1,109.347,112.048,0.28,0.4,0.28
179,202301,220107,PUB -HOT MEAL,1,110.605,99.902,4.45,2.2,3.55
180,202301,220116,LEMONADE/COLA DRAUGHT,1,102.026,91.813,0.89,0.55,0.71
181,202301,220117,BOTTLED MINERAL WATER,1,108.051,100.255,0.89,0.55,0.71
182,202301,220120,IN STORE CAFETERIA MEAL,1,111.167,100.406,4.45,1.87,3.55
183,202301,220121,RESTAURANT CUP OF COFFEE,1,110.346,101.07,0.89,0.55,0.71
184,202301,220122,RESTAURANT - SWEET COURSE,1,108.719,99.945,2.67,1.1,2.13
185,202301,220123,ONBOARD CATERING,1,104.908,101.747,0.89,0.22,0.71
186,202301,220124,MUFFIN/INDIVIDUAL CAKE,1,113.321,101.234,2.67,1.21,2.13
187,202301,220125,FRUIT JUICE BOTTLE 250-350ML,1,106.018,100.129,0.89,0.55,0.71
188,202301,220128,RESTAURANT MAIN COURSE,1,111.196,100.938,4.45,2.2,3.55
189,202301,220208,STAFF RESTAURNT HOT SNACK ITEM,1,107.035,100.872,0.26,0.13,0.13
190,202301,220209,PRIMARY SCHOOL- FIXED CHARGE,1,102.905,101.176,0.74,0.37,0.37
191,202301,220210,SECONDARY SCHOOL- CAFETERIA,1,104.551,101.264,0.74,0.37,0.37
192,202301,220214,STAFF RESTAURANT MAIN COURSE,1,116.561,98.673,0.26,0.13,0.13
193,202301,220301,FISH & CHIPS TAKEAWAY,1,119.316,100.53,1.78,1.4,1.42
194,202301,220303,SANDWICH-TAKE-AWAY (COLD),1,110.773,100.856,3.56,1.96,2.84
195,202301,220305,TEA -TAKE-AWAY,1,109.2,100.203,0.89,0.14,0.71
196,202301,220310,POTATO CRISPS-INDIVIDUAL PACK,1,106.966,100.337,0.89,0.42,0.71
197,202301,220316,PIZZA TAKEAWAY OR DELIVERED,1,109.88,100.648,1.78,1.4,1.42
198,202301,220318,INDIAN TAKEAWAY,1,109.165,100.396,1.78,1.4,1.42
199,202301,220319,CHINESE TAKEAWAY,1,110.183,100.301,1.78,1.4,1.42
200,202301,220320,TAKEAWAY SOFT DRINK,1,110.5,100.351,0.89,0.14,0.71
201,202301,220321,TAKEAWAY COFFEE LATTE,1,110.932,100.409,0.89,0.14,0.71
202,202301,220323,KEBAB- TAKEAWAY,1,113.406,100.626,1.78,1.26,1.42
203,202301,220324,CINEMA POPCORN,1,104.399,100.648,0.89,0.28,0.71
204,202301,220325,VENDING MACHINE - SOFT DRINK,1,109.33,101.025,0.89,0.14,0.71
205,202301,220326,TAKEAWAY CHICKEN & CHIPS,1,115.785,100.224,1.78,1.26,1.42
206,202301,220327,T'AWAY COOKED SAVOURY PASTRY,1,113.697,103.156,1.78,1.4,1.42
207,202301,220328,BURGER IN A BUN EAT IN OR TAKE,1,116.606,100.401,1.78,1.26,1.42
208,202301,310102,DRAUGHT BITTER (PER PINT),1,104.947,97.641,3.56,1.52,2.84
209,202301,310104,DRAUGHT STOUT PER PINT,1,105.596,99.069,0.89,0.56,0.71
210,202301,310109,LAGER - PINT 3.4-4.2%,1,105.446,98.717,5.34,2.4,4.26
211,202301,310110,PREMIUM LAGER - PINT 4.3-7.5%,1,107.76,100.064,4.45,2.0,3.55
212,202301,310111,BOTTLED PREMIUM LAGER 4.3-7.5%,1,107.444,99.772,0.89,0.56,0.71
213,202301,310114,CIDER 4.5%-5.5% ABV PINT/BOTTL,1,104.945,97.648,1.78,0.96,1.42
214,202301,310207,BITTER-4CANS-440-500ML,1,107.434,101.833,0.98,0.54,0.84
215,202301,310215,LAGER 4 BOTTLES- PREMIUM,1,112.655,108.753,2.31,2.97,1.98
216,202301,310216,LAGER 10 - 24 CANS (440-500ML),1,107.332,105.588,1.26,1.71,1.08
217,202301,310217,LAGER 10-24 BOTTLES 250-330ML,1,108.322,108.095,1.12,1.44,0.96
218,202301,310219,STOUT - 4 CAN PACK,1,108.468,101.556,0.35,0.18,0.3
219,202301,310220,SPEC'Y BEER BOTT 500ML 4-5.5,1,111.093,102.357,0.98,0.54,0.84
220,202301,310221,APPLE CIDER 4 CAN PK 440-500ML,1,109.244,100.886,0.72,0.81,0.54
221,202301,310222,CIDER FLAVOURED BOTT 500-568ML,1,107.135,102.148,0.6,0.81,0.45
222,202301,310301,WHISKY (PER NIP) SPECIFY ML,1,108.544,93.383,2.67,1.1,2.13
223,202301,310302,VODKA (PER NIP) SPECIFY ML,1,108.477,99.837,4.45,2.09,3.55
224,202301,310306,BOTTLE OF MIXER 125-200ML,1,103.643,100.023,0.89,0.44,0.71
225,202301,310307,LIQUEUR PER NIP   SPECIFY ML,1,108.982,99.893,2.67,1.54,2.13
226,202301,310309,SPIRIT BASED DRINK 275ML,1,108.863,100.023,0.89,0.22,0.71
227,202301,310310,"WINE, PER 175 - 250 ML SERVING",1,109.239,99.825,4.45,1.87,3.55
228,202301,310315,BOTTLE OF WINE 70-75CL,1,106.962,100.463,4.45,1.87,3.55
229,202301,310316,GIN PER NIP,1,110.853,93.957,4.45,1.87,3.55
230,202301,310401,WHISKY-70 CL BOTTLE,1,106.139,103.344,2.08,2.42,1.56
231,202301,310403,VODKA-70 CL BOTTLE,1,107.769,108.676,2.08,2.42,1.56
232,202301,310405,BRANDY 70CL BOTTLE,1,105.672,103.317,0.4,0.44,0.3
233,202301,310406,FORTIFIED WINE  (70-75CL),1,105.05,107.626,0.48,0.44,0.36
234,202301,310419,WHITE WINE- EUROPEAN 75CL,1,101.702,99.266,1.68,1.98,1.26
235,202301,310420,WHITE WINE- NEW WORLD 75CL,1,99.029,102.405,2.52,3.08,1.89
236,202301,310421,RED WINE- EUROPEAN 75CL,1,105.055,106.037,1.44,1.76,1.08
237,202301,310422,RED WINE- NEW WORLD 75CL,1,100.882,101.092,2.16,2.64,1.62
238,202301,310423,BOTTLE OF CHAMPAGNE 75 CL,1,106.298,105.347,0.36,0.44,0.27
239,202301,310425,ROSE WINE-75CL BOTTLE,1,102.367,103.231,0.96,1.1,0.72
240,202301,310426,SPARKLING WINE 75CL MIN 11%ABV,1,105.71,109.532,1.08,1.32,0.81
241,202301,310427,RUM WHITE EG BACARDI 70CL BOTT,1,100.69,102.556,0.8,0.88,0.6
242,202301,310428,CREAM LIQUER 70CL-1LT 14-20%,1,108.913,130.158,0.4,0.44,0.3
243,202301,310429,GIN BOTTLE 70CL,1,105.597,103.849,1.68,1.98,1.26
244,202301,310430,PRE MIXED SPIRIT 250-330ML,1,114.186,99.245,0.56,0.66,0.42
245,202301,320108,CIGARETTES 8,1,105.822,101.966,4.14,3.8,3.24
246,202301,320115,CIGARETTES 15,1,104.16,99.892,6.9,6.2,5.4
247,202301,320122,20 FILTER - OTHER BRAND,1,101.989,100.067,5.06,4.6,3.96
248,202301,320123,ELECTRONIC CIGARETTE REFILL/LI,1,99.958,100.0,0.46,1.0,0.36
249,202301,320124,E-CIG REFILL BOTTL/CART 2-10ML,1,100.511,100.147,0.23,1.0,0.18
250,202301,320126,CIGARETTES 22,1,106.418,102.658,3.68,3.4,2.88
251,202301,320205,5 CIGARS: SPECIFY BRAND,1,103.374,101.383,0.23,0.49,0.18
252,202301,320206,HAND ROLLING TOBACCO PACK 30GM,1,106.541,100.462,2.3,6.51,1.8
253,202301,410105,LOCAL AUTH RENT - SCOTLAND,1,102.035,100.0,1.74,1.68,1.38
254,202301,410107,UNIVERSITY ACCOMODATION FEES,1,103.859,100.0,2.53,0.0,1.98
255,202301,410108,RSL RENTS,1,104.007,100.203,16.53,16.8,13.11
256,202301,410111,IMPUTED RENTS - ENGLAND,1,103.854,100.357,0.0,0.0,152.24
257,202301,410112,IMPUTED RENTS - WALES,1,103.817,100.477,0.0,0.0,5.19
258,202301,410113,IMPUTED RENTS - SCOTLAND,1,103.22,100.385,0.0,0.0,12.11
259,202301,410114,IMPUTED RENTS - N.IRELAND,1,104.684,100.637,0.0,0.0,3.46
260,202301,410115,PRIVATE RENTED PROPERTY,2,105.102,100.48,56.55,57.12,44.85
261,202301,410201,MORTGAGE INTEREST PAYMENTS,1,145.556,105.922,0.0,24.0,0.0
262,202301,410401,E & W SEWERAGE CHARGE,2,103.255,100.0,5.4,6.11,4.5
263,202301,410402,ENGLAND & WALES WATER CHARGES,2,104.338,100.0,4.5,5.59,3.6
264,202301,410403,SCOTLAND WATER CHARGES,1,104.193,100.0,0.5,0.65,0.4
265,202301,410405,SCOTTISH SEWERAGE CHARGE,1,104.196,100.0,0.6,0.65,0.5
266,202301,410508,PLUMBER-DAYTIME HOURLY RATE,2,101.34,100.075,0.7,3.3,0.7
267,202301,410509,ELECTRICIAN-DAYTIME RATE/HOUR,2,101.378,100.018,0.44,2.3,0.44
268,202301,410517,DECORATOR-DAILY RATE;SPEC HRS,2,102.267,100.0,0.44,2.2,0.44
269,202301,410518,CARPENTER HOURLY RATE,2,103.563,100.0,0.42,2.2,0.42
270,202301,410602,READY-MIXED FILLER-INT USE,1,109.374,99.503,0.12,0.52,0.12
271,202301,410607,PAINT BRUSH-2INCH/5CM WIDTH,1,124.011,101.048,0.16,0.65,0.16
272,202301,410611,DOOR HANDLE-PACK FOR ONE DOOR,2,113.092,101.843,2.45,2.08,2.1
273,202301,410614,POWER DRILL-HAMMER ACTION,2,107.181,98.495,0.35,0.52,0.3
274,202301,410621,VARNISH-CLEAR GLOSS-750ML-1LTR,1,111.316,99.459,0.12,0.52,0.12
275,202301,410625,SCREWDRIVER,2,108.835,100.126,0.63,0.65,0.54
276,202301,410629,WALLPAPER PER ROLL,1,109.679,95.78,0.32,1.3,0.32
277,202301,410631,SHOWER HEAD,2,107.518,96.583,0.5,2.08,0.5
278,202301,410632,HIRE OF DOMES CARPET CLEANER,1,96.278,99.443,0.28,0.52,0.24
279,202301,410633,MDF,1,102.133,100.139,0.32,1.3,0.32
280,202301,410637,CERAMI TILES 15X15-25X50CM BOX,2,150.88,99.746,0.12,0.52,0.12
281,202301,410638,WOODSCREWS STEEL/ZIN PLATED PK,1,116.414,100.796,0.56,1.04,0.48
282,202301,410639,PAINT GLOSS/EMUL 750ML-2.5LTR,2,115.123,100.506,0.34,1.3,0.34
283,202301,410701,DWELLING INSURANCE,2,118.607,101.371,0.0,4.56,0.0
284,202301,410703,GROUND RENT,1,107.731,99.698,0.0,3.44,0.0
285,202301,410801,HOUSE DEPRECIATION,1,107.731,99.698,0.0,103.0,0.0
286,202301,420103,SMOKELESS FUEL 50KG,1,133.393,101.37,1.0,1.0,1.0
287,202301,420201,ELECTRICITY,1,166.69,101.176,20.0,25.0,16.0
288,202301,420301,GAS,1,232.93400000000003,100.316,13.58,20.0,10.67
289,202301,420404,BUTANE GAS,1,114.396,100.947,0.42,0.5,0.33
290,202301,420405,KEROSENE - 1000L DELIVERED,2,140.59,99.039,1.0,1.5,1.0
291,202301,430101,DOUBLE WARDROBE,2,113.014,93.701,1.62,1.8,1.32
292,202301,430104,ARMCHAIR -UPHOLSTERED,2,113.542,97.156,1.35,1.5,1.1
293,202301,430119,KITCH BASE UNIT WIDTH 800-1000,2,127.297,108.559,1.62,1.8,1.32
294,202301,430120,COFFEE TABLE,2,112.772,95.428,0.54,0.6,0.44
295,202301,430127,CHEST OF DRAWERS,2,113.23,97.214,1.35,1.5,1.1
296,202301,430132,MATTRESS- 3FT/90CM,2,111.944,95.543,1.89,2.1,1.54
297,202301,430133,BOOKCASE/FREESTAND SHELV UNIT,2,110.551,96.161,1.35,1.5,1.1
298,202301,430134,TABLE LAMP,2,111.018,96.871,0.81,0.6,0.66
299,202301,430136,PATIO TABLE & CHAIRS-SEASONAL,2,116.647,97.189,0.27,1.5,0.22
300,202301,430137,LEATHER SETTEE,2,107.305,94.234,4.32,4.8,3.52
301,202301,430138,HOME OFFICE DESK,2,109.909,97.862,0.54,0.6,0.44
302,202301,430139,KITCH WALL UNIT WIDTH 800-1000,2,128.834,109.226,1.62,1.8,1.32
303,202301,430140,SOFA BED,2,111.975,95.479,1.35,1.5,1.1
304,202301,430141,DINING TABLE & 2-6 CHAIRS,2,109.566,97.024,2.16,2.4,1.76
305,202301,430142,HIGH CHAIR,2,102.869,98.732,0.27,0.3,0.22
306,202301,430143,"SETTEE,NON LEATHER - SEE HELP",2,111.845,94.573,1.62,1.8,1.32
307,202301,430144,BED ADULT SPECIFY SIZE,2,111.772,96.36,3.78,3.9,3.08
308,202301,430211,DUVET-DOUBLE TOG 10-13.5,2,106.4,95.862,0.85,0.6,0.68
309,202301,430216,DUVET COVER,2,110.748,95.637,0.85,0.6,0.68
310,202301,430224,FITTED BED SHEET,2,109.099,97.095,0.7,0.5,0.56
311,202301,430228,BATH SHEET,2,116.612,96.24,0.75,0.8,0.6
312,202301,430229,FABRIC ROLLER BLIND 120-180CM,2,101.523,101.465,0.9,0.8,0.72
313,202301,430233,CARPET TUFTED 100% MANMADE FIB,2,114.784,103.357,1.16,1.7,0.87
314,202301,430234,CARPET TUFTED MIN 80% WOOL FIB,2,116.526,104.305,1.2,1.7,0.9
315,202301,430235,FLOOR RUG STATE SIZE & MATERIA,2,112.109,99.638,1.2,1.7,0.9
316,202301,430236,CURTAINS READY MADE SP'FY SIZE,2,99.896,91.294,0.95,0.8,0.76
317,202301,430237,LUXURY VINYL TILE PER SQ M,2,120.687,97.46,0.44,0.8,0.33
318,202301,430304,ELECTRIC COOKER,2,108.515,96.456,0.52,0.35,0.44
319,202301,430307,ELECTRIC KETTLE - 1.5-1.7L,2,97.992,101.677,1.56,0.77,1.32
320,202301,430317,ELECTRIC IRON,2,102.639,98.378,0.52,0.28,0.44
321,202301,430321,ELECTRIC RAZOR,2,128.27100000000002,128.76,0.23,0.07,0.19
322,202301,430323,PHONE NT MOBILE(SPEC DIG/ANAL),2,103.07,97.908,0.23,0.14,0.18
323,202301,430351,ELECTRIC HAIR STYLING APP,2,115.722,107.904,0.69,0.49,0.57
324,202301,430355,VACUUM CLEANER,2,103.936,102.753,2.73,1.05,2.31
325,202301,430356,DISH WASHER 12-15 PLACE SET,2,108.664,98.232,0.39,0.14,0.33
326,202301,430357,SMART PHONE HANDSETS,2,92.263,101.222,0.69,1.05,0.54
327,202301,430358,ELECTRIC HEATER -SEASONAL,2,102.0,98.313,1.17,0.42,0.99
328,202301,430359,ELECTRIC COOLING FAN -SEASONAL,2,128.868,101.41,0.52,0.42,0.44
329,202301,430361,WASHING MACH NO DRYER MAX 1800,2,108.672,98.35,2.34,0.91,1.98
330,202301,430362,FRIDGE/FREEZER SPEC CAPACITIES,2,116.942,102.401,1.56,0.84,1.32
331,202301,430363,ELECTRIC TOOTHBRUSH,2,111.994,109.355,0.23,0.07,0.19
332,202301,430407,"SMALL SAUCEPAN,MILK",2,106.244,97.959,0.88,0.65,0.77
333,202301,430409,SCISSORS - HOUSEHOLD,2,108.654,97.993,0.8,0.6,0.7
334,202301,430413,GAS FIRE,2,113.763,100.151,1.17,0.4,0.99
335,202301,430414,GAS COOKERS-SPECIFY MAKE & MOD,2,108.999,97.917,0.52,0.3,0.44
336,202301,430418,PLASTIC FOOD STORAGE CONTAINER,1,101.942,96.347,0.88,0.65,0.77
337,202301,430419,STAINLESS STEEL CUTLERY SET,2,111.255,100.626,0.4,0.2,0.35
338,202301,430422,PLAIN GLASS TUMBLER,1,109.417,100.365,0.72,0.5,0.63
339,202301,430423,FRYING PAN 24-30CM,2,111.584,97.9,0.8,0.6,0.7
340,202301,430424,"BAKEWARE, METAL, TRAY/ROASTING",2,111.028,102.948,0.8,0.6,0.7
341,202301,430425,"DINNER PLATE, APPROX DIAMETER",2,106.1,97.18,0.72,0.5,0.63
342,202301,430503,BALL POINT,1,111.443,97.15,0.72,0.52,0.48
343,202301,430505,ALUMIN COOKING FOIL 290-300MM,1,133.465,99.402,0.42,0.65,0.36
344,202301,430507,WASHING UP LIQUID 380-900ML,1,113.28,101.542,0.42,0.39,0.36
345,202301,430509,HOUSEHOLD CLEANER CREAM/LIQUID,1,118.527,95.466,1.05,1.04,0.9
346,202301,430524,LIGHT BULB,1,99.932,101.54,0.77,0.52,0.66
347,202301,430525,CLEAR STICKY TAPE,1,111.721,101.088,0.28,0.52,0.24
348,202301,430526,GREETINGS CARD; STATE CODE,1,102.42,100.0,3.0,0.65,2.0
349,202301,430527,A4 PRINTER PAPER (500 REAM),1,140.36,100.169,0.78,0.52,0.52
350,202301,430529,BLEACH 750ML,1,113.003,101.863,1.05,1.04,0.9
351,202301,430530,BLACK INKJET CARTRIDGE,2,110.562,98.149,0.72,0.52,0.48
352,202301,430531,FABRIC CONDITIONER 500ML-1.5LT,1,102.924,94.935,0.42,0.39,0.36
353,202301,430533,KITCHEN ROLL PK OF 2-4 SPECIFY,1,131.218,98.232,0.42,0.65,0.36
354,202301,430535,SHEET OF WRAPPING PAPER,1,102.678,99.407,0.78,0.52,0.52
355,202301,430536,TOILET ROLLS,1,122.284,99.308,2.53,1.56,2.09
356,202301,430538,DISHWASHER TABLETS PACK 16-45,1,122.925,109.771,0.42,0.39,0.36
357,202301,430539,DRYCELL BATTERY 4 PACK EG AA,1,106.587,99.866,0.77,0.52,0.66
358,202301,430540,WASHING LIQUID 800ML/1.5LTR,1,119.881,96.108,0.49,0.52,0.42
359,202301,430541,LIGHT BULB SMART/WIFI,2,118.404,100.676,0.35,0.39,0.3
360,202301,430542,SURFACE WIPES ANTIBACTERIAL,1,112.065,103.376,1.05,1.04,0.9
361,202301,430543,BIN LINERS KITCHEN USE,1,113.887,100.623,0.42,0.65,0.36
362,202301,430613,DOG FOOD-CAN-385-400GM,1,129.088,101.703,1.32,1.1,1.08
363,202301,430617,ANIMAL CAGE (E.G FOR GERBIL),2,103.85,99.463,0.77,0.66,0.63
364,202301,430621,ANNUAL BOOSTER INJECTION,1,111.576,100.458,1.87,1.87,1.53
365,202301,430622,DOG KENNEL FEES DAILY CHARGE,2,113.148,100.209,1.76,1.87,1.44
366,202301,430623,SMALL CAGED MAMMAL,2,100.787,100.062,0.55,1.65,0.45
367,202301,430624,CAT FOOD POUCH-IND-85G-100G,1,114.578,100.777,2.31,1.87,1.89
368,202301,430625,WILD BIRD SEED PACK 500G-2KG,1,120.578,99.613,0.33,0.22,0.27
369,202301,430626,"DOG TREATS,SPEC,TYPE 70-400G",1,119.519,100.997,1.43,1.21,1.17
370,202301,430627,PET COLLAR DOG / CAT,2,103.891,101.173,0.66,0.55,0.54
371,202301,440101,DOMESTIC CLEANER HOURLY RATE,2,106.177,100.145,0.72,1.19,0.54
372,202301,440104,DRY CLEANING-MAN'S SUIT,1,109.397,100.464,0.82,0.21,0.82
373,202301,440105,DRIVING LESSON 1 HOUR,1,109.639,100.275,0.8,0.35,0.65
374,202301,440112,ELECTRICAL SERVICE CHARGE,2,100.679,100.0,0.8,0.56,0.8
375,202301,440113,WINDOW-CLEAN 3-BED SEMI,2,105.627,100.516,0.32,0.56,0.24
376,202301,440116,WASHING MACHINE REPAIR,2,104.699,100.22,0.2,0.07,0.2
377,202301,440118,PC REPAIR,2,101.958,100.187,1.0,0.07,1.0
378,202301,440120,CHILD MINDER - HOURLY RATE,1,103.242,100.002,6.46,0.56,4.94
379,202301,440121,"EVENT CATERING, SET MENU, COST",2,107.758,100.367,0.89,0.14,0.71
380,202301,440122,HOME DELIVERY CHARGES,2,103.904,99.358,1.19,0.21,0.91
381,202301,440123,HOME REMOVAL- 1 VAN,2,111.147,101.308,1.44,0.35,1.08
382,202301,440126,WEEKLY NANNY FEES,2,105.832,100.122,2.96,0.56,2.22
383,202301,440127,MONTHLY SELF STORAGE FEE,2,106.334,99.45,1.2,0.28,0.9
384,202301,440128,HOME CARE ASSISTANT HRLY RATE,2,107.382,100.182,2.38,1.19,1.82
385,202301,440129,PLAYGROUP FEES - PER SESSION,2,103.34,100.261,3.91,0.42,2.99
386,202301,440131,WATCH BATTERY REPLACEMENT,2,101.685,100.094,0.56,0.21,0.48
387,202301,440132,MEN'S CLOTHING HIRE- SEE HELP,2,113.134,102.697,0.18,0.07,0.18
388,202301,440202,ESTATE AGENT FEES (PERCENTAGE),1,105.675,100.439,0.0,2.7,0.0
389,202301,440204,TRADE UNION & PROF ORGS SUBS,1,101.843,100.613,4.25,1.08,3.25
390,202301,440208,HOUSE CONTENTS INSURANCE,2,100.321,98.865,1.48,3.78,0.74
391,202301,440218,SRVYRS FEES MORTGAGE VALUATION,1,96.118,100.0,1.7,0.27,1.3
392,202301,440224,DRIVING TEST FEES,1,100.0,100.0,0.48,0.27,0.39
393,202301,440226,HOME-BUYERS SURVEY-RSDNTL PPTY,2,105.226,100.235,0.0,0.27,0.0
394,202301,440227,FUNERAL-CREMATION,2,104.882,101.137,3.23,1.08,2.47
395,202301,440229,BIRTHS DEATHS AND MARRIAGES,1,100.0,100.0,0.17,0.27,0.13
396,202301,440230,UNI (INTL STUDENT) TUITION,1,104.656,100.0,8.58,0.0,6.76
397,202301,440231,PASSPORT FEES,1,100.0,100.0,0.34,0.27,0.26
398,202301,440232,NURSERY FEES: CHILD 0-4,2,106.503,100.272,3.91,0.54,2.99
399,202301,440233,NEWSPAPER AD NON TRADE 20 WORD,2,93.268,101.839,1.36,0.27,1.04
400,202301,440237,UNIT TRUSTS COMM-ONGOING CHG,1,110.261,100.444,2.24,0.0,1.68
401,202301,440239,UK UNIVERSITY TUITION FEES,2,100.826,100.0,16.83,4.59,13.26
402,202301,440240,BASIC WILL FOR A SINGLE PERSON,2,109.525,100.633,1.53,0.54,1.17
403,202301,440241,STOCKBROKER COMMISSION FEE,1,107.912,100.287,2.56,0.0,1.92
404,202301,440246,PET INSURANCE,2,106.032,104.15,0.66,1.89,0.33
405,202301,440247,BANKER'S DRAFT,1,100.0,100.0,0.96,0.27,0.72
406,202301,440249,HOUSE CONVEYANCING,2,111.043,101.427,0.0,1.08,0.0
407,202301,440250,PACKAGED CURRENT ACCOUNTS,1,100.0,100.0,3.68,0.27,2.76
408,202301,440251,OPEN UNIVERSITY FEES,1,101.869,100.0,0.0,0.0,0.0
409,202301,440252,MONEY TRANSFERS,1,79.242,99.145,1.12,0.27,0.84
410,202301,440254,HOURLY RATE FOR SOLICITOR,2,104.676,99.843,1.7,0.54,1.3
411,202301,440255,CREDIT CARD FEES,1,102.864,100.111,2.88,0.27,2.16
412,202301,440256,MORTGAGE ARRANGEMENT FEES,1,100.074,100.0,2.56,0.27,1.92
413,202301,440257,HOUSEHLD SERVICES MAINT POLICY,2,133.804,101.342,0.52,1.35,0.26
414,202301,440258,DATING AGENCY FEES,2,107.991,100.803,1.53,0.27,1.17
415,202301,440301,POSTAGE CHARGES,1,105.468,100.0,2.0,1.0,1.0
416,202301,440401,TELEPHONE CHARGES,1,109.251,100.0,1.15,0.5,0.9
417,202301,440402,MOBILE PHONE CHARGES,1,104.487,99.852,7.82,8.25,6.12
418,202301,440403,CABLE TELEPHONES,1,100.619,100.0,0.46,0.25,0.36
419,202301,440405,DIRECTORY ENQUIRIES,1,101.83,100.0,0.23,0.25,0.18
420,202301,440406,SUBSCRIPTION TO INTERNET,1,101.926,100.319,0.69,0.5,0.54
421,202301,440408,MOBILE PHONE APPLICATIONS,1,94.484,105.369,1.15,2.0,0.9
422,202301,440409,BUNDLED TELECOMS SERVICES,1,101.311,100.0,9.89,13.25,7.74
423,202301,510104,MENS JACKET/COAT,2,122.558,100.046,0.88,0.42,0.7
424,202301,510106,MENS JEANS,2,109.422,99.298,0.88,0.54,0.7
425,202301,510108,MEN'S JUMPER-KNITTED,2,118.244,97.466,0.44,0.3,0.35
426,202301,510109,MEN'S FORMAL SHIRT-LONG SLEEVE,2,117.146,97.183,0.88,0.42,0.7
427,202301,510113,MENS CASUAL S/SLEEVE TOP,2,116.885,98.953,0.88,0.42,0.7
428,202301,510117,MEN'S FORMAL RDY-MADE TROUSERS,2,112.183,99.407,0.44,0.24,0.35
429,202301,510118,MEN'S CASUAL TROUSERS,2,113.857,99.541,0.88,0.42,0.7
430,202301,510120,MEN'S JUMPER OR SWEATSHIRT,2,114.449,96.039,0.44,0.3,0.35
431,202301,510122,MEN'S TRACKSUIT/JOGGIN BOTTOMS,2,108.855,93.999,0.44,0.24,0.35
432,202301,510124,MENS SHORTS NOT SWIMWEAR,2,116.816,98.528,0.44,0.24,0.35
433,202301,510126,MENS BRANDED T-SHIRT,2,104.629,99.021,0.44,0.3,0.35
434,202301,510127,MENS OFFICIAL FOOTBALL SHIRT,2,121.231,97.283,0.44,0.24,0.35
435,202301,510128,MEN'S BRANDED SPORT SWEATSHIRT,2,185.209,97.298,0.44,0.3,0.35
436,202301,510130,MENS 3/4 TO FULL LENGTH COAT,2,110.44,95.371,0.44,0.24,0.35
437,202301,510131,MENS CASUAL SHIRT,2,118.464,97.586,0.88,0.36,0.7
438,202301,510132,MEN'S T-SHIRT SHORT SLEEVED,2,116.139,98.301,0.44,0.3,0.35
439,202301,510133,MENS LOUNGEWEAR BOTTOMS,2,107.982,94.787,0.44,0.18,0.35
440,202301,510134,MENS FORMAL JACKET/BLAZER,2,116.668,97.476,0.88,0.54,0.7
441,202301,510206,WOMENS BLOUSE/SHIRT 1,2,115.893,95.39,0.88,0.4,0.7
442,202301,510208,WOMEN'S FORMAL JACKET,2,112.772,88.346,0.88,0.4,0.7
443,202301,510212,WOMEN'S JUMPER,2,121.704,97.613,0.88,0.5,0.7
444,202301,510215,WOMENS BASIC PLAIN T-SHIRT,2,113.105,97.602,0.88,0.5,0.7
445,202301,510219,WOMEN'S CASUAL OUTER JACKET,2,121.105,92.996,0.88,0.5,0.7
446,202301,510223,WOMEN'S LONG SLV TOP-NT BLOUSE,2,117.424,93.666,0.44,0.3,0.35
447,202301,510233,WOMEN'S CARDIGAN,2,118.445,91.967,0.88,0.5,0.7
448,202301,510235,WOMEN'S TROUSERS-CASUAL,2,108.947,96.661,1.76,1.0,1.4
449,202301,510236,WOMEN'S TROUSERS-FORMAL,2,116.354,95.744,0.88,0.6,0.7
450,202301,510237,WOMEN'S SKIRT: CASUAL,2,123.656,87.81200000000001,0.88,0.4,0.7
451,202301,510238,WOMEN'S SKIRT: WORK/FORMAL,2,111.688,92.326,0.88,0.6,0.7
452,202301,510244,WOMEN'S VEST/STRAPPY TOP,2,127.242,92.903,0.44,0.3,0.35
453,202301,510245,WOMENS DRESS -CASUAL/FORMAL,2,117.126,93.753,1.32,0.8,1.05
454,202301,510246,WOMENS SHORT SLEEVE SPORTS TOP,2,127.08,98.292,0.44,0.2,0.35
455,202301,510248,WOMEN'S JEANS- OWN BRAND,2,119.101,100.606,0.44,0.3,0.35
456,202301,510249,WOMEN'S JEANS- BRANDED,2,108.541,92.023,0.44,0.3,0.35
457,202301,510250,WOMEN'S COAT - SEE HELP SCREEN,2,109.762,95.072,0.88,0.4,0.7
458,202301,510254,WOMENS SPORTSWEAR SHORTS,2,108.582,98.752,0.44,0.2,0.35
459,202301,510255,WOMEN'S SWIMWEAR,2,112.813,98.955,0.44,0.1,0.35
460,202301,510256,WOMEN'S SHOWERPROOF JACKET,2,104.285,99.71,0.88,0.4,0.7
461,202301,510257,WOMENS BLOUSE / SHIRT 2,2,103.662,88.083,0.44,0.3,0.35
462,202301,510258,WOMENS LEGGINGS FULL LENGTH,2,117.539,98.422,0.44,0.2,0.35
463,202301,510259,WOMENS SHORT SLEEVE FORMAL TOP,2,124.187,86.995,0.88,0.5,0.7
464,202301,510260,WOMENS EXERCISE LEGGINGS,2,119.886,105.328,0.44,0.2,0.35
465,202301,510261,WOMEN'S SWEATSHIRT,2,114.55,97.476,0.44,0.1,0.35
466,202301,510324,TROUSERS  FOR SCHOOL 5-13 YRS,2,112.02,102.535,0.88,0.27,0.7
467,202301,510328,BOYS JEANS (5-13 YEARS),2,118.924,96.475,0.44,0.24,0.35
468,202301,510330,BABY SLEEPSUIT LONG SLEEVE,2,103.209,97.871,0.44,0.24,0.35
469,202301,510336,GIRLS SKIRT FOR SCHOOL 5-13YRS,2,110.23,98.659,0.44,0.24,0.35
470,202301,510340,GIRLS FASHION TOP 12-13 YEARS,2,105.932,93.05,0.88,0.24,0.7
471,202301,510344,GIRLS TROUSERS NOT DENIM 5-13,2,115.582,99.977,0.44,0.24,0.35
472,202301,510347,GIRLS JACKET (5-13 YEARS),2,119.853,90.528,0.88,0.24,0.7
473,202301,510348,BOYS T-SHIRT 3-13 YEARS,2,120.267,93.586,0.88,0.27,0.7
474,202301,510349,GIRLS LEGGINGS 5-13 YEARS,2,111.234,101.051,0.44,0.21,0.35
475,202301,510350,BOY'S JUMPER/SWTSHRT/CARDIGAN,2,110.918,97.447,0.88,0.27,0.7
476,202301,510351,INFANT'S TROUSERS 0-2 YEARS,2,123.085,97.56,0.88,0.27,0.7
477,202301,510352,INFANT'S JUMPR/SWTSHRT/CARDIGN,2,107.602,99.866,0.88,0.27,0.7
478,202301,510402,MEN'S PANTS/BOXER SHORTS,2,108.515,100.319,0.88,0.4,0.7
479,202301,510405,WOMEN'S NIGHTDRESS/PYJAMAS,2,108.659,93.902,0.88,0.4,0.7
480,202301,510406,WOMEN'S PANTS,2,107.408,98.804,0.88,0.4,0.7
481,202301,510407,"BRA, CUP SIZE A-D RANGE",2,104.409,99.962,0.44,0.35,0.35
482,202301,510413,MENS SOCKS 1 PAIR,2,110.559,99.19,0.44,0.35,0.35
483,202301,510415,WOMEN'S TIGHTS,2,117.986,100.272,0.44,0.35,0.35
484,202301,510419,MEN'S TIE,2,118.457,98.33,0.78,0.25,0.65
485,202301,510429,KNITTING WOOL-DOUBLE KNIT-100G,1,104.588,97.076,2.04,0.5,1.7
486,202301,510432,LADY'S SCARF,2,116.206,98.907,1.14,0.35,0.95
487,202301,510433,MENS BASE LAYER TOP LONG/SHORT,2,106.276,96.827,0.44,0.2,0.35
488,202301,510434,"HAT/CAP, ADULT",2,102.244,90.539,1.62,0.55,1.35
489,202301,510435,SPORTS BRA / CROP TOP,2,102.486,90.183,0.44,0.3,0.35
490,202301,510436,CHILDS PYJAMAS 3 - 13 YRS,2,102.722,88.927,0.44,0.2,0.35
491,202301,510437,CHILDS PANTS ONE PAIR 3 - 13,1,99.014,94.978,0.44,0.2,0.35
492,202301,510438,CHILDS SOCKS ONE PAIR UK9,1,105.262,99.111,0.44,0.2,0.35
493,202301,510501,MENS SHOE FORMAL STYLE,2,105.953,100.62,0.36,0.35,0.32
494,202301,510506,WOMEN'S SANDALS,2,104.587,95.363,0.72,0.25,0.64
495,202301,510507,BOY'S SHOES,2,103.227,100.565,0.36,0.2,0.32
496,202301,510508,GIRL'S SHOES SCHOOL,2,105.47,103.633,0.36,0.2,0.32
497,202301,510515,MEN'S SHOE CASUAL STYLE,2,108.0,99.242,0.36,0.35,0.32
498,202301,510516,MEN'S TRAINING SHOE-SPORTSWEAR,2,106.641,99.64,0.72,0.65,0.64
499,202301,510517,WOMEN'S TRAINING SHOES,2,105.544,100.69,1.35,0.5,1.2
500,202301,510528,CHILD'S TRAINERS-SPORTS,2,132.089,109.768,0.81,0.4,0.72
501,202301,510529,WOMANS BOOTS,2,104.783,97.958,0.63,0.25,0.56
502,202301,510530,"WOMEN'S SHOES-FLAT MAX 1"" HEEL",2,106.239,99.76,1.08,0.4,0.96
503,202301,510533,WOMENS SHOE,2,104.483,98.487,0.99,0.35,0.88
504,202301,510534,WALKING/HIKING BOOT,2,103.509,100.274,0.72,0.6,0.64
505,202301,510535,CANVAS FASHION ADULT SHOE/TRAI,2,108.526,97.072,0.54,0.5,0.48
506,202301,520103,LADY'S UMBRELLA -FOLDING,2,104.367,99.824,0.18,0.33,0.12
507,202301,520109,LADIES HAND/SHLDER BAG,2,103.775,96.483,0.99,0.44,0.66
508,202301,520118,FLOWER VASE,2,96.829,94.875,1.28,0.88,1.12
509,202301,520123,EARRINGS- FASHION,2,106.831,101.083,0.28,0.11,0.24
510,202301,520130,SOLID GOLD RING 9CT,2,111.067,98.313,1.75,0.66,1.5
511,202301,520131,GENT'S WATCH- ANALOGUE FACE,2,104.652,98.05,1.33,0.66,1.14
512,202301,520132,WALL HANGING MIRROR UPTO 1.5SQ,2,110.992,97.562,0.54,0.88,0.44
513,202301,520134,LUGGAGE TROLLEY CASE - 60-70CM,2,112.054,97.161,0.96,0.44,0.64
514,202301,520135,DIAMOND SOLITAIRE RING,2,103.86,94.455,1.96,0.77,1.68
515,202301,520136,PHOTO FRAME,2,103.565,99.07,0.45,0.88,0.3
516,202301,520137,STERLING SILVER EARRINGS,2,112.145,98.646,0.56,0.22,0.48
517,202301,520138,SPECTACLE FRAMES WITH LENSE,2,103.528,100.294,1.08,1.54,1.08
518,202301,520139,DAILY DISPOSABLE SOFT LENSES,2,102.642,100.354,0.93,1.32,0.93
519,202301,520140,NECKLACE FASHION APX 16/20 INS,2,109.174,97.362,0.56,0.22,0.48
520,202301,520141,MOBILE PHONE ACCESSORY,2,100.518,96.882,0.46,0.66,0.36
521,202301,520142,RE-USABLE BOTTLE/MUG ADULT,2,109.877,101.735,0.72,0.55,0.63
522,202301,520143,SMARTWATCH,2,93.919,105.22,0.23,0.44,0.18
523,202301,520202,INDIGESTION TABLETS 16-24 PACK,1,107.804,103.637,1.54,0.51,1.26
524,202301,520206,TAMPONS-PACK OF 10-20,1,105.073,99.303,1.38,0.85,1.14
525,202301,520207,NHS PRESCRIPTION CHARGES,1,100.0,100.0,1.65,0.51,1.35
526,202301,520209,TOOTHPASTE (SPECIFY SIZE),1,110.279,101.281,1.38,0.85,1.14
527,202301,520213,TISSUES-LARGE SIZE BOX,1,120.579,101.118,1.38,0.85,1.14
528,202301,520215,MOISTURISER FACIAL 50-150ML,2,119.799,109.176,0.92,0.51,0.76
529,202301,520216,DEODORANT/ANTI PERSPI 50-250ML,1,106.686,98.392,1.15,0.68,0.95
530,202301,520219,"DISP NAPPIES, SPEC TYPE, 20-60",1,110.502,98.209,0.46,0.34,0.38
531,202301,520222,MULTI-VITAMINS CAPSULES/TABLET,1,107.673,105.021,1.54,0.51,1.26
532,202301,520223,MASCARA,2,143.558,99.419,0.69,0.51,0.57
533,202301,520226,SHAMPOO-250-400ML,1,113.634,103.744,0.92,0.51,0.76
534,202301,520227,PAIN KILLER TABLETS-16-24 PACK,1,107.23,100.381,1.65,0.51,1.35
535,202301,520228,PLASTERS-20-40 PACK,1,108.872,100.531,0.57,0.51,0.57
536,202301,520230,CONDOMS PACK OF 3-14,2,106.835,102.625,0.42,0.51,0.42
537,202301,520234,PERFUME/FRAGRANCE MEN OR WOMEN,2,112.956,107.206,1.15,0.68,0.95
538,202301,520235,SUNSCREEN - SPEC SIZE/SPF,2,108.864,99.075,0.69,0.51,0.57
539,202301,520236,WOMENS HAIR COLOURANT 60-140ML,1,108.544,102.073,0.46,0.34,0.38
540,202301,520237,HAIR GEL 150-200ML,1,112.649,100.661,0.46,0.34,0.38
541,202301,520238,SHOWER GEL 150-250ML,1,115.556,109.963,0.46,0.34,0.38
542,202301,520241,RAZOR CARTRIDGE BLADES,1,101.975,100.24,0.69,0.51,0.57
543,202301,520242,COLD/FLU DRINK POWDER,1,120.256,106.941,1.54,0.51,1.26
544,202301,520243,LIQUID FOUNDATION 30-35ML,2,102.118,99.641,0.92,0.51,0.76
545,202301,520244,TOOTHBRUSH,1,95.114,97.506,0.69,0.51,0.57
546,202301,520245,ANTIHISTAMINE ALLERGY TABLETS,1,102.001,101.364,1.54,0.51,1.26
547,202301,520246,LIP GLOSS,2,101.137,99.187,0.92,0.51,0.76
548,202301,520247,LIQUID SOAP 200-300ML,1,105.851,98.98,0.46,0.34,0.38
549,202301,520248,CONDITIONER FOR HAIR,1,111.687,104.753,0.46,0.34,0.38
550,202301,520249,BABY WIPES 50-85,1,115.506,102.727,0.92,0.51,0.76
551,202301,520250,NAIL VARNISH BOTTLE 6 - 14mls,2,109.036,99.83,0.69,0.51,0.57
552,202301,520251,COUGH LIQUID BOTTLE 150-200MLS,1,110.243,102.017,1.54,0.51,1.26
553,202301,520252,BODY M'RISING LOTION 200-400ML,2,108.955,98.27,0.92,0.51,0.76
554,202301,520253,SELF TANNING PRODUCT,2,110.3,106.917,0.69,0.51,0.57
555,202301,520254,HAND HYGIENE GEL 50 -150ML,1,99.338,102.462,0.46,0.34,0.38
556,202301,520301,MAN'S HAIRCUT,2,107.747,100.897,1.1,1.04,0.88
557,202301,520303,WOMEN'S HRDRESSING-CUT/BLOWDRY,2,106.666,100.493,1.45,1.17,1.16
558,202301,520305,PRIVATE HEALTH CARE 1,1,107.764,112.452,0.52,1.17,0.26
559,202301,520306,PRIVATE HEALTH CARE 2,1,106.455,100.0,0.38,0.91,0.19
560,202301,520311,WOMENS HIGHLIGHTING,2,106.406,100.34,0.8,0.65,0.64
561,202301,520313,NON-NHS MEDICINE-PHYSIOTHERAPY,2,104.24,100.109,1.0,0.65,1.0
562,202301,520318,SLIMMING CLUBS,1,104.038,100.0,0.9,0.91,0.72
563,202301,520319,LA SUPPORTED RES IN RET HOMES,1,106.915,100.475,0.17,0.0,0.13
564,202301,520321,PRIVATE HEALTH CARE 3,1,107.764,112.452,0.63,0.0,0.42
565,202301,520322,PRIVATE HEALTH CARE 4,1,106.455,100.0,0.51,0.0,0.34
566,202301,520324,RESIDENTIAL HOME,2,108.723,100.226,0.17,0.26,0.13
567,202301,520325,NURSING HOME,2,110.666,100.584,1.14,0.26,0.76
568,202301,520326,PRIVATE DENTAL EXAMINATION,2,108.37,100.224,1.3,1.69,1.3
569,202301,520327,NHS DENTAL CHARGES,1,100.0,100.0,0.7,0.91,0.7
570,202301,520328,DENTAL INSURANCE,1,104.171,103.955,0.44,1.04,0.22
571,202301,520330,SELF PAY OPERATIONS,1,103.598,102.146,0.72,0.65,0.48
572,202301,520331,BASIC MANICURE,2,108.095,100.251,0.75,0.78,0.6
573,202301,520332,NON NHS CHIROPRACTOR,2,104.958,100.243,1.0,0.65,1.0
574,202301,520333,NEXT DAY BOUQUET DELIVERY - UK,1,100.498,100.199,0.32,0.26,0.28
575,202301,610101,3-YEAR-OLD SECOND-HAND CAR,1,92.638,98.863,12.25,16.64,9.8
576,202301,610102,2-YEAR-OLD SECOND-HAND CAR,1,93.013,98.662,12.75,17.28,10.2
577,202301,610110,CARAVANS,1,100.208,100.024,8.16,2.56,6.12
578,202301,610112,MOTORCYCLES,1,101.834,100.121,0.99,0.64,0.99
579,202301,610113,NEW PETROL/DIESEL CARS,1,106.254,100.366,15.62,19.2,12.07
580,202301,610114,ELECTRIC/HYBRID CARS,1,107.842,100.142,6.38,7.68,4.93
581,202301,610204,"CAR TYRE, STATE SIZE",2,110.136,103.796,0.72,1.08,0.54
582,202301,610207,MOTOR-CAR SPARE PARTS,2,110.24,102.609,1.16,1.08,0.87
583,202301,610221,WINDSCREEN WIPER BLADES,2,103.554,100.728,0.96,0.9,0.72
584,202301,610227,"CAR MOT TEST FEE, VAT EXEMPT",2,103.645,100.264,1.44,0.72,1.17
585,202301,610228,ROADSIDE RECOVERY SERVICE,1,95.114,74.73,1.05,0.72,0.85
586,202301,610231,CAR SERVICE- LOCAL GARAGE,2,111.732,101.015,2.31,1.44,1.87
587,202301,610232,CAR SERVICE- MAIN DEALER,2,110.223,102.374,2.31,1.44,1.87
588,202301,610235,CAR REPAIRS MAIN DEALER,2,106.566,102.038,5.25,3.24,4.25
589,202301,610236,CAR REPAIRS LOCAL GARAGE,2,107.845,100.713,4.83,3.06,3.91
590,202301,610237,CAR BULB 12 VOLT SPECIFY WATTS,2,100.493,101.457,1.16,1.08,0.87
591,202301,610238,CAR WASH HAND OR AUTOMATIC,2,108.093,102.087,1.05,0.72,0.85
592,202301,610241,WHEEL ALIGNMENT,2,108.115,101.169,2.1,1.26,1.7
593,202301,610242,EXHAUST FITTING FAST FIT,2,108.515,102.063,2.1,1.26,1.7
594,202301,610303,OIL PER LITRE-MULTIGRADE,1,114.152,102.742,0.31,0.28,0.25
595,202301,610307,ULTRA LOW SULPHUR DIESEL RPI,1,116.489,96.25,0.0,10.64,0.0
596,202301,610308,ULTRA LOW SULPHUR PETROL RPI,1,103.555,96.153,0.0,17.08,0.0
597,202301,610309,ULTRA LOW SULPHUR DIESEL CPI,1,115.534,96.052,11.47,0.0,9.25
598,202301,610310,ULTRA LOW SULPHUR PETROL CPI,1,102.975,96.189,19.22,0.0,15.5
599,202301,610409,VEHICLE EXCISE DUTY,1,105.431,100.0,11.52,5.98,9.36
600,202301,610417,CAR INSURANCE,2,137.25,102.583,1.86,20.02,1.86
601,202301,620101,LONDON TRANSPORT RAIL FARES,1,104.8,100.0,1.2,0.23,0.8
602,202301,620105,OTHER UNDERGROUND/METRO FARES,1,108.334,101.944,0.24,0.05,0.16
603,202301,620106,EURO TUNNEL FARES,1,119.22,73.635,0.36,0.06,0.24
604,202301,620107,RAIL FARES,1,103.775,100.0,4.2,0.66,2.8
605,202301,620203,COACH FARES,1,99.266,54.31100000000001,0.72,0.25,0.54
606,202301,620205,BUS FARES,1,100.096,96.198,2.08,0.75,1.56
607,202301,620302,TAXI FARES,2,109.537,101.355,1.28,0.45,0.96
608,202301,620303,SELF-DRIVE VAN HIRE,2,105.487,100.459,0.64,0.27,0.52
609,202301,620304,PUSHCHAIR/STROLLER,2,99.438,95.31,0.3,0.27,0.2
610,202301,620307,SELF-DRIVE CAR HIRE BASIC 24HR,2,98.386,95.512,0.64,0.27,0.52
611,202301,620308,MINICAB FARE FOR 2 MILES,1,108.322,100.23,1.28,0.45,0.96
612,202301,620310,AIR FARES,1,118.436,58.252,2.0,4.23,2.0
613,202301,620311,SEA FARES,1,106.469,100.579,1.0,0.18,1.0
614,202301,620313,ROAD TOLLS,1,104.226,100.888,0.16,0.27,0.13
615,202301,620314,BOATS,2,101.671,108.639,3.2,0.36,2.4
616,202301,620315,CAR PARK CHARGES,2,104.73,100.744,0.16,0.27,0.13
617,202301,620317,CHILDS BICYCLE,2,99.566,99.724,0.99,0.81,0.99
618,202301,620318,ADULT BIKE,2,102.985,99.863,1.02,0.81,1.02
619,202301,620319,CYCLE HELMET 12+ SPEC ROAD/MOU,2,102.369,101.603,0.42,0.09,0.35
620,202301,620320,AIRPORT PARKING,2,135.19799999999998,90.03299999999999,0.16,0.18,0.13
621,202301,620321,CAR SEAT TODDLER/CHILD,2,106.485,99.361,0.12,0.09,0.08
622,202301,630122,PC PERIPHERALS,1,97.402,98.143,1.4,1.19,1.12
623,202301,630127,PERSONAL COMPUTERS (CPI),2,86.53200000000001,102.211,0.25,0.35,0.2
624,202301,630129,LAPTOP COMPUTERS,2,90.12,97.859,1.1,1.75,0.88
625,202301,630138,DIGITAL RADIO (DAB),2,103.187,95.394,0.42,0.07,0.35
626,202301,630153,TABLET COMPUTERS,2,104.398,99.586,0.7,1.12,0.56
627,202301,630156,HEADPHONES/EARPHO SPECIFY TYPE,2,99.238,102.3,0.42,0.49,0.35
628,202301,630159,"TELEVISION 39"" OR SMALLER",2,87.715,95.875,1.44,0.63,1.2
629,202301,630160,"TELEVISION 40"" OR LARGER",2,94.609,94.528,1.62,0.7,1.35
630,202301,630161,DIGITAL MEDIA PLAYER,2,91.582,103.879,0.18,0.07,0.15
631,202301,630162,PORTABLE SPEAKER,2,110.093,102.191,1.26,0.28,1.05
632,202301,630163,SMART SPEAKER,1,89.211,132.847,0.25,0.21,0.2
633,202301,630164,DVD/BLU RAY PLAYER,2,114.862,103.102,0.12,0.07,0.1
634,202301,630165,PORTABLE DIGITAL MUSIC PLAYER,2,110.829,98.432,0.54,0.07,0.45
635,202301,630223,CDS- PURCH OVER INTERNET,1,108.913,76.952,1.35,0.14,1.05
636,202301,630224,INTERNET DVDS,1,112.66,104.311,1.26,0.12,0.98
637,202301,630225,MUSIC DOWNLOADS,1,82.285,89.39299999999999,0.9,0.09,0.7
638,202301,630226,RECORDABLE CD PRICE PER CD,2,109.113,99.522,0.36,0.03,0.28
639,202301,630228,PRE-RECORDED DVD (FILM),2,103.628,97.988,1.44,0.13,1.12
640,202301,630229,PRE-RECORDED DVD (NON-FILM),2,106.529,112.372,0.54,0.05,0.42
641,202301,630230,CD ALBUM (TOP 40),1,99.779,84.27,1.26,0.12,0.98
642,202301,630231,CD ALBUM (NOT CHART),1,74.617,69.03399999999999,0.63,0.06,0.49
643,202301,630232,INTERNET BLU-RAY DISC,1,91.51,100.473,0.36,0.03,0.28
644,202301,630233,BLU RAY DISC (FILM) FROM CHART,2,94.924,86.993,0.45,0.04,0.35
645,202301,630234,COMPUTER SOFTWARE,2,101.83,108.188,1.3,0.19,1.04
646,202301,630309,BOXED BOARD GAME: NOT TRAVEL,2,97.428,104.638,0.6,0.22,0.5
647,202301,630312,CHILD'S PLASTIC DOLL,2,106.574,103.143,0.84,0.55,0.7
648,202301,630313,MODEL RD VEHICLE EG HOT WHEELS,1,105.974,108.703,0.84,0.55,0.7
649,202301,630314,CONSTRUCTION TOY: SPEC KIT NO,2,98.663,103.285,0.6,0.44,0.5
650,202301,630317,"SLEEPING BAG, ADULT",2,109.81,101.543,1.08,0.33,0.84
651,202301,630332,CHILD'S SOFT TOY/TEDDY BEAR,2,102.112,102.97,0.6,0.44,0.5
652,202301,630333,COMPUTER GAMES CONSOLE,1,99.335,109.682,1.44,0.55,1.2
653,202301,630334,INTERNET COMPUTER GAMES,1,110.865,99.704,0.84,0.33,0.7
654,202301,630336,FOOTBALL,2,112.463,101.052,1.35,0.33,1.05
655,202301,630340,CARBON FIBRE FISHING ROD,2,103.565,98.592,1.08,0.33,0.84
656,202301,630341,PRESCHOOL ACTIVITY TOY,2,109.966,101.957,1.2,0.88,1.0
657,202301,630342,BEGINNER'S ACOUSTIC GUITAR,2,107.278,99.634,1.44,0.44,1.08
658,202301,630343,MEN'S FOOTBALL BOOTS,2,87.891,100.04,1.35,0.33,1.05
659,202301,630345,GOLF BALLS PRICE PER BALL,1,109.861,100.426,1.17,0.33,0.91
660,202301,630347,CHILD'S BABY DOLL,2,111.991,102.767,0.48,0.33,0.4
661,202301,630348,WATERSPORTS EQUIPMENT,2,94.653,99.094,1.92,0.33,1.44
662,202301,630357,SQUASH/TENNIS RACQUET,2,116.545,101.358,1.17,0.33,0.91
663,202301,630358,PORTABLE DIGITAL STORAGE DEVIC,2,99.64,96.034,0.45,0.22,0.35
664,202301,630359,DIGITAL DEVELOPMENT PER PRINT,2,109.673,100.798,0.72,0.33,0.56
665,202301,630365,CRAFT KIT FOR CHILD 5 YRS+,2,102.804,99.689,0.36,0.22,0.3
666,202301,630368,ELECTRONIC EDUCATIONAL TOY,2,111.488,98.434,0.36,0.22,0.3
667,202301,630369,CHARCOAL BBQ NOT DISPOSABLE,2,88.82700000000001,102.652,0.72,0.22,0.56
668,202301,630370,DIGITAL COMPACT CAMERAS,2,106.561,102.31,0.66,0.22,0.33
669,202301,630371,INTERCHANGEABLE LENS DIGI CAM,2,95.768,95.228,0.68,0.22,0.34
670,202301,630372,COMPUTER GAME DOWNLOADS,1,101.119,107.618,0.84,0.33,0.7
671,202301,630373,JIGSAW MINIMUM 100 PIECES,2,104.59,106.279,0.36,0.22,0.3
672,202301,630374,CHILDS SCOOTER AGE 5-12 YEARS,2,101.474,103.18,0.48,0.33,0.4
673,202301,630376,CHILDS SIT & RIDE TOY U'ER 5'S,2,106.362,104.17,0.12,0.11,0.1
674,202301,630377,ACTION CAMERA,2,95.305,106.617,0.66,0.22,0.33
675,202301,630378,COMPUTER GAME 1,2,101.935,100.346,0.48,0.22,0.4
676,202301,630379,COMPUTER GAME 2,2,101.616,110.212,0.36,0.11,0.3
677,202301,630380,COMPUTER GAME 3,2,115.105,108.627,0.6,0.22,0.5
678,202301,630381,HAND WEIGHTS FOR HOME EXERCISE,2,108.551,95.842,1.08,0.33,0.84
679,202301,630382,CRAFT HOBBY KIT ADULT,2,105.634,101.671,0.6,0.22,0.5
680,202301,630407,SUNDAY NEWSPAPERS,1,110.06,101.261,0.44,0.3,0.33
681,202301,630408,NATIONAL DAILY NEWSPAPERS,1,116.511,101.581,1.68,1.2,1.26
682,202301,630412,PERIODICALS,1,112.631,102.079,1.4,0.95,1.05
683,202301,630425,BOOK-NON-FICTION-HARD-COVER,2,115.854,88.851,1.08,0.45,0.81
684,202301,630426,BOOK-NON-FICTION-PAPER-BACK,1,99.98,102.873,1.32,0.55,0.99
685,202301,630434,BOOK ILLUSTRATED FOR UNDER 5,1,103.949,100.761,0.28,0.15,0.21
686,202301,630435,BOOK - FICTION - HARD COVER,2,118.827,101.293,0.2,0.1,0.15
687,202301,630436,PROVINCIAL NEWSPAPERS,1,122.357,106.466,0.48,0.3,0.36
688,202301,630437,BOOK - TEENAGE FICTION,2,106.224,99.807,0.28,0.15,0.21
689,202301,630438,EBOOKS,1,144.308,144.045,0.04,0.4,0.03
690,202301,630439,BOOK FICTION P/BACK TOP 10,2,103.105,99.871,0.52,0.3,0.39
691,202301,630440,"CHILDS BOOK, FICTION 6-12YRS",2,101.152,93.998,0.28,0.15,0.21
692,202301,630505,GARDEN SPADE,2,111.225,98.902,0.84,0.9,0.72
693,202301,630507,HOUSEPLANT,1,102.091,100.274,0.48,0.45,0.42
694,202301,630510,POTTING COMPOST,1,112.442,101.255,0.56,0.63,0.49
695,202301,630518,CUT FLOWERS-CARNATIONS-STEM,1,108.081,100.108,2.72,2.43,2.38
696,202301,630519,POTTED SHRUB,2,108.988,100.576,2.16,1.98,1.89
697,202301,630520,"MOWER ELECTRIC, SPECIFY TYPE",2,119.62,100.792,0.56,0.9,0.48
698,202301,630524,INTERNET FLOWERS/BOUQUET,1,104.236,95.11,0.8,0.72,0.7
699,202301,630525,PLANT FOOD 800ML-2LT/500G-1.5K,1,119.555,105.95,0.48,0.54,0.42
700,202301,630526,"SEEDS,PKT,SPEC VAR(SEASONAL)",1,108.854,97.868,0.48,0.45,0.42
701,202301,640119,DIGITAL TV MONTHLY SUBS,1,102.23,100.0,2.7,5.85,2.1
702,202301,640124,TV LICENCE,1,100.0,100.0,4.14,8.55,3.22
703,202301,640125,TV RENTALS,1,97.675,100.0,0.18,0.15,0.14
704,202301,640127,DVD RENT/VID ON DEM SUBS SERVS,2,106.745,101.319,0.36,0.45,0.28
705,202301,640211,HISTORIC MONUMENTS - ADMISSION,1,106.16,100.0,0.36,0.16,0.28
706,202301,640212,THEATRE ADULT EVES-FRONT STLLS,2,102.89,99.904,2.34,0.4,1.82
707,202301,640217,ATTRACTIONS,1,116.152,101.522,0.4,0.16,0.3
708,202301,640219,SWIMMING POOL ADM STND ADULT,1,105.346,100.697,0.24,0.16,0.18
709,202301,640221,FOOTBALL ADMISSION (GB),1,103.383,100.0,0.48,0.16,0.36
710,202301,640222,EXERCISE CLASS UPTO 1HR,1,103.464,100.264,0.24,0.16,0.18
711,202301,640224,TEN-PIN BOWLING PER GAME,1,102.587,100.173,0.24,0.16,0.18
712,202301,640226,PRIVATE HEALTH CLUB ANNUAL FEE,2,105.171,100.253,1.44,0.96,1.08
713,202301,640228,LEISURE CLASSES,1,102.648,100.0,3.2,2.16,2.4
714,202301,640229,GOLF GREEN FEES,1,102.337,81.687,0.24,0.16,0.18
715,202301,640230,HORSERACING ADMISSIONS,1,100.843,99.743,0.4,0.16,0.3
716,202301,640234,CINEMA ADMISSION,2,107.27,102.921,1.8,0.32,1.4
717,202301,640236,LIVE MUSIC,1,94.586,88.34899999999999,2.34,0.4,1.82
718,202301,640238,ADMISSION TO CULTURAL EVENT,1,105.206,90.333,1.08,0.4,0.84
719,202301,640239,SOCIAL SUBSCRIPTIONS,1,105.672,100.0,1.8,0.72,1.4
720,202301,640240,LIVERY CHARGES PER WEEK,2,103.292,100.173,1.28,0.16,0.96
721,202301,640241,MUSIC STREAMING SUBSCRIPTIONS,1,101.346,101.347,0.18,0.4,0.14
722,202301,640242,GAMES CONSOLES ONLINE SUB SERV,1,105.935,94.76,0.8,0.56,0.6
723,202301,640243,SOFT PLAY SESSION TIME PERIOD,2,108.544,100.714,0.24,0.16,0.18
724,202301,640244,CLIMBING WALL SESSION,2,105.505,100.0,0.08,0.08,0.06
725,202301,640303,FOREIGN HOLIDAYS-INSURANCE,2,114.339,103.505,0.14,0.48,0.14
726,202301,640304,FOREIGN HOLIDAYS-LATE BOOKING,2,123.45,101.476,1.65,1.12,1.32
727,202301,640305,FOREIGN HOLIDAYS-SELF CATERING,2,105.486,100.694,3.45,2.32,2.76
728,202301,640306,FOREIGN HOLIDAYS-HOTELS,2,106.153,100.63,3.75,2.56,3.0
729,202301,640307,FOREIGN HOLIDAYS-CRUISES,2,101.126,99.068,1.35,1.04,1.08
730,202301,640308,FOREIGN HOLIDAYS-CITY BREAKS,2,138.001,99.909,0.6,0.4,0.48
731,202301,640309,FOREIGN HOLIDAYS-COACH HOLIDAY,2,105.565,100.0,0.15,0.08,0.12
732,202301,640403,YOUTH HOSTEL ASSOCIATION,1,108.597,100.033,0.69,0.08,0.54
733,202301,640404,UK HOLIDAYS SELF CATERING,2,117.895,100.051,3.48,3.12,2.76
734,202301,640405,UK HOLIDAYS-EXCL SELF CATERING,2,119.06,100.38,4.05,3.6,3.24
735,202301,640406,HOTEL 1 NIGHT PRICE,2,126.585,91.692,7.36,1.2,5.76
736,202301,640407,CPI ACCOMODATION SERVICE PROXY,1,116.705,100.175,12.42,0.0,9.72
